1120-0010-0264 v8:1	1120-0010-0264_v8_1
1201-0043-0002 v10:1	1201-0043-0002_v10_1
1120-0017-0432 v8:1	1120-0017-0432_v8_1
5203-2402-0019 v11:1	5203-2402-0019_v11_1
5203-2402-0019 v11 (1):1	5203-2402-0019_v11__1__1
5203-2402-0019 v11 (2):1	5203-2402-0019_v11__2__1
5203-2402-0019 v11 (3):1	5203-2402-0019_v11__3__1
1611-0514-0006 v7:1	1611-0514-0006_v7_1
1611-0514-0006 v7 (1):1	1611-0514-0006_v7__1__1
1611-0514-0006 v7 (2):1	1611-0514-0006_v7__2__1
1611-0514-0006 v7 (3):1	1611-0514-0006_v7__3__1
1611-0514-0008 v6:1	1611-0514-0008_v6_1
1611-0514-0008 v6 (1):1	1611-0514-0008_v6__1__1
1611-0514-0008 v6 (2):1	1611-0514-0008_v6__2__1
1611-0514-0008 v6 (3):1	1611-0514-0008_v6__3__1
3625-0001-0104 v5:1	3625-0001-0104_v5_1
3625-0001-0104 v5 (1):1	3625-0001-0104_v5__1__1
3625-0100-0104 v10:1	3625-0100-0104_v10_1
3625-0100-0104 v10 (1):1	3625-0100-0104_v10__1__1
2807-0811-0500 v5:1	2807-0811-0500_v5_1
1522-0010-0090 v1:1	1522-0010-0090_v1_1
2320-4008-0024 v4:1	2320-4008-0024_v4_1
2320-4008-0024 v4 (1):1	2320-4008-0024_v4__1__1
2320-4008-0024 v4 (2):1	2320-4008-0024_v4__2__1
2320-4008-0024 v4 (3):1	2320-4008-0024_v4__3__1
2320-4008-0024 v4 (4):1	2320-4008-0024_v4__4__1
2320-4008-0024 v4 (5):1	2320-4008-0024_v4__5__1
2320-4008-0024 v4 (6):1	2320-4008-0024_v4__6__1
2320-4008-0024 v4 (7):1	2320-4008-0024_v4__7__1
1201-0043-0002 v10:2	1201-0043-0002_v10_2
1201-0043-0002 v10:3	1201-0043-0002_v10_3
1201-0043-0002 v10:4	1201-0043-0002_v10_4
1120-0017-0432 v8:2	1120-0017-0432_v8_2
1201-0043-0002 v10:5	1201-0043-0002_v10_5
1201-0043-0002 v10:6	1201-0043-0002_v10_6
1201-0043-0002 v10:7	1201-0043-0002_v10_7
1201-0043-0002 v10:8	1201-0043-0002_v10_8
2807-0811-0500 v5:2	2807-0811-0500_v5_2
2807-0811-0500 v5:3	2807-0811-0500_v5_3
2807-0811-0500 v5:4	2807-0811-0500_v5_4
2807-0811-0500 v5:5	2807-0811-0500_v5_5
2807-0811-0500 v5:6	2807-0811-0500_v5_6
2807-0811-0500 v5:7	2807-0811-0500_v5_7
2807-0811-0500 v5:8	2807-0811-0500_v5_8
1522-0010-0090 v1:2	1522-0010-0090_v1_2
1522-0010-0090 v1:3	1522-0010-0090_v1_3
1522-0010-0090 v1:4	1522-0010-0090_v1_4
Un hole U channel v1:1	Un_hole_U_channel_v1_1
5 hole v1:1	5_hole_v1_1
7 hole v1 (1):1	7_hole_v1__1__1
7 hole v1:1	7_hole_v1_1
Un hole U channel v1:1	Un_hole_U_channel_v1_1_52
5 hole v1:2	5_hole_v1_2
7 hole v1:2	7_hole_v1_2
Un hole U channel v1:2	Un_hole_U_channel_v1_2
Un hole U channel v1:3	Un_hole_U_channel_v1_3
Un hole U channel v1:4	Un_hole_U_channel_v1_4
1201-0043-0002 v10:9	1201-0043-0002_v10_9
1201-0043-0002 v10:10	1201-0043-0002_v10_10
3614-0014-0096 v1:1	3614-0014-0096_v1_1
3614-0014-0096 v1:2	3614-0014-0096_v1_2
Un hole U channel v1:5	Un_hole_U_channel_v1_5
Un hole U channel v1:6	Un_hole_U_channel_v1_6
Un hole U channel v1:7	Un_hole_U_channel_v1_7
Hex Shaft v1 (1):1	Hex_Shaft_v1__1__1
3615-4008-0096 assembly v3:1	3615-4008-0096_assembly_v3_1
3615-4008-0096 assembly v3:2	3615-4008-0096_assembly_v3_2
Control/Expansion Hub v1:3	Control_Expansion_Hub_v1_3
Control/Expansion Hub v1:4	Control_Expansion_Hub_v1_4
7 hole v1 (2):1	7_hole_v1__2__1
2106-4008-2880 (1):2	2106-4008-2880__1__2
Un hole U channel v1:8	Un_hole_U_channel_v1_8
3615-4008-0096 assembly v3:3	3615-4008-0096_assembly_v3_3
1802-0043-0001 (1):2	1802-0043-0001__1__2
Un hole U channel v1:9	Un_hole_U_channel_v1_9
1802-0043-0001 (1):3	1802-0043-0001__1__3
2106-4008-2880 (1):3	2106-4008-2880__1__3
7 hole v1 (3):1	7_hole_v1__3__1
beanspusher v4:1	beanspusher_v4_1
5 hole v1:4	5_hole_v1_4
Un hole U channel v1(Mirror):1	Un_hole_U_channel_v1_Mirror__1
1802-0043-0001 (1)(Mirror):1	1802-0043-0001__1__Mirror__1
2106-4008-2880 (1)(Mirror):1	2106-4008-2880__1__Mirror__1
1143-0010-0264 v1:1	1143-0010-0264_v1_1
Lift v1:2	Lift_v1_2
Lift v1:3	Lift_v1_3
=>[0:1:1:462]	0_1_1_462
